Fall,Total,Agricultural & Applied Econ,Agricultural Communications,Classics,Teaching of Biological Science,Teaching of French,Teaching of Latin,ENGR MECH,GEN AGRIC,HOME EC ED,HR&FS,HR&FS GEN,Industrial Engineering,LAS TCH MATH,Leisure Studies,Mechanical Agriculture,TCH SOC ST,Animal Sciences,CER ENGR,Teaching of Mathematics,ENGR PHYS,HOME MGMT,Italian,TCH GEN SCIENCE,TCH PHYS SCI,Aero & Astro Engineering,Teaching of Chemistry,Zoology,Architecture,CERAMICS,Teaching of German,Music History,ORN HORT,TCH ENGL,Agr & Environmental Cmc & Educ,Community Health,Computer Science,EDUC IDISC,ENV SCI,GEN H ECON,Law,Nuclear Engineering,Wood Sciences,Chemical Physics,Electrical Engineering,Teaching of Spanish,Genetics,HR&FS A&ID,Civil Engineering,GEN ENGR,Mechanical Engineering,Agricultural Engineering,Avionics,HEALTH&SAF,INST MGMT,PROG SPEC,Psychology,TCH DANCE,TCH KINES,Classical Philology,Theatre,TCH LIFE SCI,TCH SPEECH,TEXT-APPRL,METAL ENGR,Application Design,Dance,Statistics,VMS-Veterinary Clinical Medcne,Art and Design,Computer Engineering,EXT EDUC,Slavic Languages & Literature,SOC SCI SP,HU DEV&FAM,Professional Pilot,Food Science & Human Nutrition,Astronomy,Secondary Education,Asian Studies,Horticulture,TCH BIOL,SCH HEALTH,Biology,MUSIC-COMP,PUB ADMIN,Crafts,FAM&CON EC,Biophysics & Computnl Biology,DAIRY SCI,Forestry,VMS - Veterinary Pathobiology,Art History,Atmospheric Sciences,VMS - Veterinary Biosciences,Special Education,PERFORM ST,Agricultural Education,German,Communication,MOTOR P&SP,PRE-MED,Veterinary Medical Science,Art Education,Entomology,Nutritional Sciences,Landscape Architecture,Plant Biology,DIETETICS,Journalism,BUS EDUC,ENV ENGR,MOTOR DEV,Philosophy,PLANT PATH,Urban Planning,Speech & Hearing Science,H DVL-FAM,VOC H E ED,French,OUTDR REC,Comparative Literature,Geography,Advertising,MUS-VOICE,Spanish,Political Science,Sociology,Finance,Speech Communication,TECH ED SP,Theoretical & Applied Mechans,Geology,REST MGMT,MARKETING,ED POL ST,Molecular & Integrative Physi,PRE-JOURN,Economics,Microbiology,Kinesiology,Linguistics,Music Education,HLTH EDUC,UNCLASS,Industrial Agriculture,GEN AGR,Chemical Engineering,Teaching of English Sec Lang,Anthropology,Early Childhood Education,LAB&IN REL,Agricultural Sciences,History,Agronomy,Biochemistry,Physics,THER REC,Industrial Design,PROG MANAG,MKT TEXT&A,MUSIC-INST,English,Social Work,ED SEC&CON,EDUC GEN,Educ Voc Tech,EDUC ELEMENTARY,Ed Organization and Leadership,Mathematics,INT DSGN,Library & Information Science,Accountancy,Educational Psychology,CORE CURR,Graphic Design,HOME ECON,Air Systems,Chemistry,Music,Veterinary Medicine,Business Administration,Elementary Education,UNASSIGNED,Architectural Studies,GEN CURR,Teaching of Physics,SOCIAL SCI,TCH CS,Broadcast Journalism,News-Editorial,MUSIC-OPEN,CONSM ECON,HLTH PL AD,UG NON-DEG,Teaching of Earth Science,PHYS ED,SP CORRECT,TCH RUSS,SOIL SCI,CUR INST#1,CUR INST#3,CUR INST 2,TCH GEOGR,Media Studies,TEACH CS,Regional Planning,UNCM FR&SO,BIOCH,SEC TRAINING,Applied Mathematics,PERSN AREA,PP/AS,MUSIC(AMS),COM TEACH,Portuguese,Nondegree,MANAGEMENT,TCH PHY SC,African American Studies,MSPH IN C HLTH,Rehabilitation,Education,Neuroscience,REES,BUSINESS ED ACT,BUSINESS ED MKT,TCH PS PHYSICS,TCH PS CHEM,TECH ED INDUST,CERAMIC ENG,TCH ENGL IN MN,TCH SOC ST OUT,TCH SOC ST IN,TCH ENGL OUT MN,Materials Science & Engr,TRANSITION,MATSCI&ENG,TECH ED LAW ENF,PARK & NR MGMT,Secondary & Continuing Educ,"Recreation, Sport, and Tourism ",LATIN AMER ST,NRES - SOILS,Crop Sciences,INT'L MSBA,IRCE-E&NR MGMT,HORT--HORT SCI,NRES-SOC SCI,"IRCE-POL,TRD,DV",IRCE-INDCURRIC,CBA NON-DEGREE,CFTM-MKT&PRICE,Technical Systems Management,HDFS-FS,NRES-BIOL SCI,IRCE-CONS EC&F,Executive MBA Program,Agr & Consumer Economics,HORT -- P&M,Agr Engineering & Agr Science,HDFS-CH&AD DEV,CFTM-CNSMR&TXTL,HDFS,INTRSRCCNSECON,Natural Res & Env Sciences,CELL & STR BIOL,Human & Community Development,Natural Resrcs & Environ Sci,ENGR NONDEGREE,HR & IND RELS,VP SCHOLARS,Actuarial Science,E Asian Languages & Cultures,NRES-ENV S W,NRES-F & W CONS,Aviation Human Factors,STATS-ECON,"CMDTY,FD,TXTL M",MCS INTERNET,REHAB STUDIES,Molecular and Cellular Biology,Creative Writing,XMURAL,CHEM E NUS,Systems & Entrepreneurial Engr,BUS NON-DEGREE,CTM-CNSMR&TXTL,Agricultural Economics,Bioengineering,Biophysics,Consumer and Textile Marketing,Educational Policy Studies,General Engineering,Germanic Lang & Lit,Individual Plans of Study,Interdisciplinary,Religious Studies,Rhetoric,"Ecology, Ethology, & Evolution ","Intl, Resource, Consumer Econ ",Russian & E European Studies,Russian Lang & Literature,Human Factors,Audiology,Environ Science in Civil Engr,Latin American Studies,,African Studies,Open Studies,Cell and Structural Biology,Molecular&Cell Bio-undeclared,Music Composition,Human Res & Industrial Rels,Statistics & Computer Science,Humanities,Sculpture,Musicology,History of Art,Photography,Voice,Environ Engr in Civil Engr,"Agribusiness, Farm & Financial ",Painting,Communications,Business Administration (MBA),Human Development & Family St,Nondegree-CE,Engineering Mechanics,Engineering Physics,Instrumental Music,General Curriculum,Math & Computer Science,Integrative Biology,International Studies,Education General,Curric Unassigned,Aerospace Engineering,American Civilization,Human Resource Education,"Russian, E Eur, Eurasian St ",Bioinformatics,Electrical & Computer Engr,Art Foundation,Pre-Early Chld/Elem Ed/Spec Ed,"Earth Systems, Env, & Society ",Management,Business Process Management,Marketing,Jazz Performance,Undeclared,Cell and Developmental Biology,Curriculum and Instruction,Information Sys & Info Tech,Supply Chain Management,"Ecol, Evol, Conservation Biol ",Agricultural & Biological Engr,New Media,Technology Management,Gender and Women's Studies,Media and Cinema Studies,"Nuclear, Plasma, Radiolgc Engr ",Religion,Agricultural Production,Public Health,Bioenergy,Health,Taxation,Athletic Training,Global Studies,VMS - Pathobiology,European Union Studies,Communications and Media,Financial Engineering,LAS - Undeclared,"Earth, Society, & Environment ",Health Communication,Plant Pathology,VMS - Comparative Biosciences,Informatics,Latina/Latino Studies,Engineering Undesignated,"Earth, Soc, Env Sustainability ",East Asian Studies,Agric Leadership & Sci Educ,Computer Sci & Chemistry,Geography & Geographic Info Sc,S Asian & Middle Eastern St,Translation and Interpreting,Engineering Undeclared,Computer Sci & Anthropology,Plant Biotechnology,Engineering,Computer Sci & Astronomy,Computer Sci & Linguistics,Interdisciplinary Health Sci,Agriculture,"Educ Policy, Orgzn & Leadrshp ",Learning and Education Studies,Slavic Studies,Biophysics & Quant Biology,Bioinstrumentation,Middle Grades Education,Urban Studies & Planning,Systems Engineering and Design,Human Dvlpmt & Family Studies,Information Management,Operations Management,Asian American Studies,Information Systems,Bioprocessing and Bioenergy,ACES Undeclared,Psychological Science,Strategic Brand Communication,Education Curriculum Uassign,Pre-Engineering,Computer Science & Economics,Computer Science and Music,Econometrics & Quant Econ,Germanic Studies,Computer Science&Crop Sciences,Lyric Theatre,Medicine - Carle Illinois COM
1980,27591,315,79,9,1,15,2,34,1,1,62,1,188,1,52,49,42,487,156,28,105,2,2,2,2,379,7,3,186,4,9,4,122,67,5,46,697,5,5,5,639,187,5,6,1645,30,6,6,902,618,1012,189,8,8,8,8,160,8,8,9,151,9,9,9,190,11,41,11,11,363,286,13,13,13,14,14,209,16,16,17,48,17,18,158,19,19,20,20,21,51,124,21,59,22,22,105,24,26,26,27,28,28,28,72,30,30,158,31,32,203,33,33,33,33,34,92,158,36,36,40,41,42,43,240,44,46,46,46,536,49,50,50,115,53,54,56,57,57,160,59,268,63,309,65,279,70,74,530,75,78,78,79,81,82,173,86,362,86,97,97,103,105,108,315,115,116,120,129,135,139,140,142,1529,156,158,164,171,172,531,251,355,1414,428,611,627,2408,0,0,0,0,0,0,0,0,0,0,0,0,0,0,0,0,0,0,0,0,0,0,0,0,0,0,0,0,0,0,0,0,0,0,0,0,0,0,0,0,0,0,0,0,0,0,0,0,0,0,0,0,0,0,0,0,0,0,0,0,0,0,0,0,0,0,0,0,0,0,0,0,0,0,0,0,0,0,0,0,0,0,0,0,0,0,0,0,0,0,0,0,0,0,0,0,0,0,0,0,0,0,0,0,0,0,0,0,0,0,0,0,0,0,0,0,0,0,0,0,0,0,0,0,0,0,0,0,0,0,0,0,0,0,0,0,0,0,0,0,0,0,0,0,0,0,0,0,0,0,0,0,0,0,0,0,0,0,0,0,0,0,0,0,0,0,0,0,0,0,0,0,0,0,0,0,0,0,0,0,0,0,0,0,0,0,0,0,0,0,0,0,0,0,0,0,0,0,0,0,0,0,0,0,0,0,0,0,0,0,0,0,0,0,0,0,0,0,0,0,0,0,0,0,0,0,0,0,0,0,0,0,0,0,0,0,0
1981,27926,349,72,8,0,12,2,47,1,0,51,8,188,1,48,49,39,498,135,20,98,1,5,3,2,435,9,0,213,3,7,6,105,60,5,39,829,7,12,7,645,197,5,7,1561,28,5,3,811,586,1021,190,10,12,8,0,161,7,10,11,155,9,10,11,196,7,41,10,15,415,323,14,14,5,13,12,204,15,20,18,59,17,15,191,18,12,19,13,25,67,119,29,76,22,28,128,21,20,22,38,25,22,17,68,28,43,159,26,34,45,25,29,33,29,40,109,139,40,27,33,37,44,43,234,40,49,42,41,508,60,67,50,114,52,186,63,60,82,183,61,284,73,305,80,286,73,47,567,76,64,57,64,75,84,201,84,356,78,83,102,98,105,101,316,110,113,115,141,129,151,168,148,1605,148,155,165,151,143,537,241,350,1287,432,669,597,2461,1,2,3,38,122,0,0,0,0,0,0,0,0,0,0,0,0,0,0,0,0,0,0,0,0,0,0,0,0,0,0,0,0,0,0,0,0,0,0,0,0,0,0,0,0,0,0,0,0,0,0,0,0,0,0,0,0,0,0,0,0,0,0,0,0,0,0,0,0,0,0,0,0,0,0,0,0,0,0,0,0,0,0,0,0,0,0,0,0,0,0,0,0,0,0,0,0,0,0,0,0,0,0,0,0,0,0,0,0,0,0,0,0,0,0,0,0,0,0,0,0,0,0,0,0,0,0,0,0,0,0,0,0,0,0,0,0,0,0,0,0,0,0,0,0,0,0,0,0,0,0,0,0,0,0,0,0,0,0,0,0,0,0,0,0,0,0,0,0,0,0,0,0,0,0,0,0,0,0,0,0,0,0,0,0,0,0,0,0,0,0,0,0,0,0,0,0,0,0,0,0,0,0,0,0,0,0,0,0,0,0,0,0,0,0,0,0,0,0,0,0,0,0,0,0,0,0,0,0,0,0,0,0,0,0,0,0
1982,27496,386,86,6,1,12,5,42,0,0,47,9,180,0,48,37,31,508,117,26,88,9,5,6,4,481,5,0,235,1,3,5,92,61,4,40,966,8,15,15,658,186,1,6,1512,28,5,7,672,552,954,206,9,14,8,0,184,2,7,11,160,6,9,12,175,12,47,15,13,360,357,12,20,8,18,9,206,15,21,27,63,10,14,205,13,13,25,9,26,67,100,37,63,23,34,106,26,25,20,41,18,69,7,72,33,40,146,30,46,37,31,30,23,33,41,134,140,70,26,33,49,43,36,248,48,46,40,44,557,62,62,52,114,56,223,66,56,150,181,73,253,74,294,72,239,56,44,551,77,70,38,74,68,71,179,82,365,88,95,104,125,106,110,293,117,135,113,145,130,159,172,155,1554,172,115,184,41,135,550,218,343,1147,382,731,583,2182,1,3,9,39,125,1,2,14,18,0,0,0,0,0,0,0,0,0,0,0,0,0,0,0,0,0,0,0,0,0,0,0,0,0,0,0,0,0,0,0,0,0,0,0,0,0,0,0,0,0,0,0,0,0,0,0,0,0,0,0,0,0,0,0,0,0,0,0,0,0,0,0,0,0,0,0,0,0,0,0,0,0,0,0,0,0,0,0,0,0,0,0,0,0,0,0,0,0,0,0,0,0,0,0,0,0,0,0,0,0,0,0,0,0,0,0,0,0,0,0,0,0,0,0,0,0,0,0,0,0,0,0,0,0,0,0,0,0,0,0,0,0,0,0,0,0,0,0,0,0,0,0,0,0,0,0,0,0,0,0,0,0,0,0,0,0,0,0,0,0,0,0,0,0,0,0,0,0,0,0,0,0,0,0,0,0,0,0,0,0,0,0,0,0,0,0,0,0,0,0,0,0,0,0,0,0,0,0,0,0,0,0,0,0,0,0,0,0,0,0,0,0,0,0,0,0,0,0,0,0,0,0,0,0,0,0,0
1983,27178,429,85,8,1,23,4,50,0,0,37,5,154,2,44,37,40,474,155,31,81,0,5,9,2,473,6,0,216,1,6,5,81,59,5,62,1052,3,13,7,675,148,0,8,1657,23,6,10,611,470,867,193,10,5,9,0,182,0,3,10,148,6,8,28,185,18,46,16,12,360,426,12,20,10,28,15,220,17,28,20,56,20,4,217,10,20,22,6,26,67,86,38,87,21,32,90,23,26,22,36,11,137,3,74,37,41,142,27,69,48,36,31,11,38,39,143,131,82,19,31,41,39,34,253,48,36,31,44,594,47,51,46,106,57,196,65,56,227,180,67,236,82,251,25,240,61,34,538,77,57,56,70,77,73,168,97,370,91,103,107,141,93,98,273,106,131,109,111,115,181,163,183,1529,149,103,170,3,115,557,210,327,1031,370,712,558,2074,1,4,4,47,148,1,14,15,28,1,1,1,1,2,3,9,21,0,0,0,0,0,0,0,0,0,0,0,0,0,0,0,0,0,0,0,0,0,0,0,0,0,0,0,0,0,0,0,0,0,0,0,0,0,0,0,0,0,0,0,0,0,0,0,0,0,0,0,0,0,0,0,0,0,0,0,0,0,0,0,0,0,0,0,0,0,0,0,0,0,0,0,0,0,0,0,0,0,0,0,0,0,0,0,0,0,0,0,0,0,0,0,0,0,0,0,0,0,0,0,0,0,0,0,0,0,0,0,0,0,0,0,0,0,0,0,0,0,0,0,0,0,0,0,0,0,0,0,0,0,0,0,0,0,0,0,0,0,0,0,0,0,0,0,0,0,0,0,0,0,0,0,0,0,0,0,0,0,0,0,0,0,0,0,0,0,0,0,0,0,0,0,0,0,0,0,0,0,0,0,0,0,0,0,0,0,0,0,0,0,0,0,0,0,0,0,0,0,0,0,0,0,0,0,0,0,0,0,0,0,0,0,0,0,0,0,0
1984,27269,444,79,5,3,20,0,46,0,0,44,3,135,3,45,33,42,464,156,39,81,0,6,7,4,495,11,0,211,0,9,3,64,67,5,94,934,2,10,11,663,142,0,6,1755,19,4,12,552,432,879,162,11,6,7,0,189,0,1,11,136,16,8,28,165,18,43,31,15,403,484,14,19,9,27,35,220,18,40,17,52,27,1,234,13,11,16,15,29,68,76,33,70,22,39,68,18,14,27,37,3,275,2,64,37,37,134,27,69,47,34,37,2,36,36,145,128,80,13,40,41,36,35,257,47,46,43,39,551,48,45,50,93,79,179,58,54,334,182,65,251,76,238,28,233,79,29,479,73,59,72,65,66,81,188,94,376,76,116,147,165,100,114,278,115,142,104,120,106,181,148,184,1315,133,115,166,1,90,537,201,312,967,348,601,581,2230,3,3,3,41,152,0,21,29,12,1,1,0,0,3,5,10,25,1,2,2,3,88,114,0,0,0,0,0,0,0,0,0,0,0,0,0,0,0,0,0,0,0,0,0,0,0,0,0,0,0,0,0,0,0,0,0,0,0,0,0,0,0,0,0,0,0,0,0,0,0,0,0,0,0,0,0,0,0,0,0,0,0,0,0,0,0,0,0,0,0,0,0,0,0,0,0,0,0,0,0,0,0,0,0,0,0,0,0,0,0,0,0,0,0,0,0,0,0,0,0,0,0,0,0,0,0,0,0,0,0,0,0,0,0,0,0,0,0,0,0,0,0,0,0,0,0,0,0,0,0,0,0,0,0,0,0,0,0,0,0,0,0,0,0,0,0,0,0,0,0,0,0,0,0,0,0,0,0,0,0,0,0,0,0,0,0,0,0,0,0,0,0,0,0,0,0,0,0,0,0,0,0,0,0,0,0,0,0,0,0,0,0,0,0,0,0,0,0,0,0,0,0,0,0,0,0,0,0,0,0,0,0,0,0,0,0,0
1985,28033,442,77,10,4,16,0,55,0,0,35,6,158,6,41,33,47,441,180,35,92,0,6,13,5,618,13,0,213,1,8,2,62,59,3,100,908,0,11,10,648,140,0,4,1945,14,3,10,529,451,968,147,4,7,9,0,193,0,2,8,138,10,7,38,169,18,49,36,17,402,501,13,19,8,18,71,199,19,47,13,56,23,1,247,6,9,15,15,31,53,78,36,75,24,39,70,16,15,30,33,1,275,2,61,37,38,137,31,70,37,29,29,0,42,38,160,105,80,17,45,27,45,45,250,55,45,60,33,622,49,34,50,78,87,218,45,59,445,192,59,247,72,269,32,236,86,32,419,84,53,71,62,61,83,194,112,390,59,134,159,192,92,115,282,114,185,113,117,95,184,143,173,1212,138,82,144,0,62,531,159,300,983,347,602,604,2284,2,1,1,49,145,0,30,20,20,2,0,0,0,3,8,10,23,0,8,6,4,165,124,1,2,2,53,58,0,0,0,0,0,0,0,0,0,0,0,0,0,0,0,0,0,0,0,0,0,0,0,0,0,0,0,0,0,0,0,0,0,0,0,0,0,0,0,0,0,0,0,0,0,0,0,0,0,0,0,0,0,0,0,0,0,0,0,0,0,0,0,0,0,0,0,0,0,0,0,0,0,0,0,0,0,0,0,0,0,0,0,0,0,0,0,0,0,0,0,0,0,0,0,0,0,0,0,0,0,0,0,0,0,0,0,0,0,0,0,0,0,0,0,0,0,0,0,0,0,0,0,0,0,0,0,0,0,0,0,0,0,0,0,0,0,0,0,0,0,0,0,0,0,0,0,0,0,0,0,0,0,0,0,0,0,0,0,0,0,0,0,0,0,0,0,0,0,0,0,0,0,0,0,0,0,0,0,0,0,0,0,0,0,0,0,0,0,0,0,0,0,0,0,0,0,0,0,0,0,0,0,0,0,0,0,0,0
1986,28276,423,74,10,2,17,0,57,0,0,15,4,202,10,39,23,50,392,204,28,108,0,9,6,4,599,12,0,206,0,8,1,63,74,6,132,899,0,11,12,663,152,0,5,2041,28,2,11,553,504,1010,143,9,5,5,0,202,0,1,7,146,13,8,46,185,9,45,46,23,360,463,17,25,13,12,67,218,19,44,13,50,28,1,251,5,6,18,16,34,46,64,32,72,28,37,73,11,15,28,43,0,210,1,70,39,39,135,28,81,33,21,32,0,40,37,160,91,90,15,44,21,33,40,256,52,46,49,38,664,39,26,45,78,97,228,49,49,540,213,60,218,79,277,24,240,89,18,440,75,71,87,81,58,92,177,109,364,59,117,153,160,79,114,270,129,187,107,124,143,167,131,206,1081,135,71,135,0,25,522,151,316,947,388,651,598,2269,3,0,2,50,136,0,36,23,15,1,0,0,1,4,6,12,19,0,22,6,10,173,153,0,27,2,107,74,0,0,0,0,0,0,0,0,0,0,0,0,0,0,0,0,0,0,0,0,0,0,0,0,0,0,0,0,0,0,0,0,0,0,0,0,0,0,0,0,0,0,0,0,0,0,0,0,0,0,0,0,0,0,0,0,0,0,0,0,0,0,0,0,0,0,0,0,0,0,0,0,0,0,0,0,0,0,0,0,0,0,0,0,0,0,0,0,0,0,0,0,0,0,0,0,0,0,0,0,0,0,0,0,0,0,0,0,0,0,0,0,0,0,0,0,0,0,0,0,0,0,0,0,0,0,0,0,0,0,0,0,0,0,0,0,0,0,0,0,0,0,0,0,0,0,0,0,0,0,0,0,0,0,0,0,0,0,0,0,0,0,0,0,0,0,0,0,0,0,0,0,0,0,0,0,0,0,0,0,0,0,0,0,0,0,0,0,0,0,0,0,0,0,0,0,0,0,0,0,0,0,0,0,0,0,0,0,0
1987,28047,396,71,6,0,19,0,44,0,0,1,3,201,11,42,24,54,381,246,44,102,0,6,11,4,655,15,0,222,0,9,4,74,95,5,154,836,0,11,7,645,146,0,3,2004,30,2,15,567,553,1006,124,3,0,7,0,191,0,1,9,151,11,6,37,174,6,50,54,23,383,407,9,26,13,13,60,222,20,31,16,53,22,0,219,4,6,19,17,34,32,66,29,78,24,41,74,12,13,31,40,0,193,0,73,32,44,138,38,65,34,13,39,0,42,32,150,101,96,11,46,26,33,42,266,44,43,49,35,658,46,26,58,70,110,201,57,58,605,236,63,212,89,290,24,207,91,13,434,63,58,96,83,51,102,168,119,386,46,96,145,127,81,115,274,141,190,91,135,154,163,114,190,1039,161,70,120,1,16,524,158,314,945,340,692,617,2146,1,0,1,46,113,0,40,39,10,1,0,0,0,2,10,13,22,0,27,3,13,149,170,0,28,2,119,75,1,1,12,0,0,0,0,0,0,0,0,0,0,0,0,0,0,0,0,0,0,0,0,0,0,0,0,0,0,0,0,0,0,0,0,0,0,0,0,0,0,0,0,0,0,0,0,0,0,0,0,0,0,0,0,0,0,0,0,0,0,0,0,0,0,0,0,0,0,0,0,0,0,0,0,0,0,0,0,0,0,0,0,0,0,0,0,0,0,0,0,0,0,0,0,0,0,0,0,0,0,0,0,0,0,0,0,0,0,0,0,0,0,0,0,0,0,0,0,0,0,0,0,0,0,0,0,0,0,0,0,0,0,0,0,0,0,0,0,0,0,0,0,0,0,0,0,0,0,0,0,0,0,0,0,0,0,0,0,0,0,0,0,0,0,0,0,0,0,0,0,0,0,0,0,0,0,0,0,0,0,0,0,0,0,0,0,0,0,0,0,0,0,0,0,0,0,0,0,0,0,0,0,0,0,0,0,0,0
1988,27911,380,73,5,2,26,1,59,0,0,0,7,209,12,44,23,74,380,248,49,109,0,7,9,7,610,11,0,235,1,13,3,71,101,4,106,844,0,15,3,619,157,0,5,1864,31,1,15,641,588,971,135,7,0,4,0,209,0,0,7,148,11,7,36,166,0,44,69,23,365,368,13,24,21,16,59,222,19,32,24,59,26,0,227,12,6,23,18,37,17,57,27,73,24,35,71,9,14,33,33,0,186,0,74,27,41,133,34,59,29,13,45,0,39,30,142,109,82,6,48,19,28,34,262,37,52,66,35,698,55,36,57,46,126,168,57,60,554,236,62,220,87,273,27,249,91,17,426,72,68,63,89,44,102,139,115,372,47,88,155,117,102,123,174,121,202,87,158,150,173,101,178,1136,160,52,132,0,15,478,129,318,1022,350,682,587,2182,3,0,0,54,121,3,44,52,8,0,0,0,0,4,3,15,13,0,29,4,16,233,164,0,26,2,109,67,1,5,12,1,1,0,0,0,0,0,0,0,0,0,0,0,0,0,0,0,0,0,0,0,0,0,0,0,0,0,0,0,0,0,0,0,0,0,0,0,0,0,0,0,0,0,0,0,0,0,0,0,0,0,0,0,0,0,0,0,0,0,0,0,0,0,0,0,0,0,0,0,0,0,0,0,0,0,0,0,0,0,0,0,0,0,0,0,0,0,0,0,0,0,0,0,0,0,0,0,0,0,0,0,0,0,0,0,0,0,0,0,0,0,0,0,0,0,0,0,0,0,0,0,0,0,0,0,0,0,0,0,0,0,0,0,0,0,0,0,0,0,0,0,0,0,0,0,0,0,0,0,0,0,0,0,0,0,0,0,0,0,0,0,0,0,0,0,0,0,0,0,0,0,0,0,0,0,0,0,0,0,0,0,0,0,0,0,0,0,0,0,0,0,0,0,0,0,0,0,0,0,0,0,0,0,0,0,0
1989,27291,422,78,7,4,17,2,90,0,0,0,9,261,16,44,29,67,391,237,40,121,0,2,9,2,513,10,0,215,2,8,3,54,111,3,88,810,0,14,5,612,178,0,5,1594,30,0,17,682,626,854,139,1,0,1,0,200,0,0,8,142,13,8,31,167,0,41,56,25,348,313,11,28,13,19,71,215,15,33,33,57,19,0,253,11,3,22,20,43,9,70,26,73,28,34,74,12,10,36,37,0,169,0,77,19,38,133,32,55,28,19,37,0,37,28,143,105,92,2,51,23,29,39,262,32,69,61,39,739,49,36,63,43,108,164,43,58,539,248,63,237,91,252,30,248,42,23,370,72,78,58,85,31,129,124,112,363,41,75,136,117,90,130,233,131,208,68,175,93,208,89,180,1085,143,57,131,0,18,462,136,320,1072,343,623,585,2104,5,0,0,65,128,3,46,53,1,0,0,0,3,5,6,14,3,0,29,4,20,288,173,0,21,2,97,60,1,2,13,14,1,1,2,11,0,0,0,0,0,0,0,0,0,0,0,0,0,0,0,0,0,0,0,0,0,0,0,0,0,0,0,0,0,0,0,0,0,0,0,0,0,0,0,0,0,0,0,0,0,0,0,0,0,0,0,0,0,0,0,0,0,0,0,0,0,0,0,0,0,0,0,0,0,0,0,0,0,0,0,0,0,0,0,0,0,0,0,0,0,0,0,0,0,0,0,0,0,0,0,0,0,0,0,0,0,0,0,0,0,0,0,0,0,0,0,0,0,0,0,0,0,0,0,0,0,0,0,0,0,0,0,0,0,0,0,0,0,0,0,0,0,0,0,0,0,0,0,0,0,0,0,0,0,0,0,0,0,0,0,0,0,0,0,0,0,0,0,0,0,0,0,0,0,0,0,0,0,0,0,0,0,0,0,0,0,0,0,0,0,0,0,0,0,0,0,0,0,0,0,0,0,0,0,0,0
1990,27789,438,74,15,3,16,2,91,0,0,0,3,215,13,45,45,79,406,212,35,112,0,4,11,5,479,12,0,199,4,9,1,66,128,7,112,785,0,11,12,622,165,0,9,1576,28,0,10,749,637,933,143,0,0,0,0,195,0,1,8,132,10,6,31,163,0,42,52,26,332,301,10,24,16,16,74,193,16,32,30,54,18,0,243,11,1,23,18,45,3,70,27,81,23,36,77,9,10,37,40,0,164,0,68,27,38,140,29,52,34,16,57,0,38,28,156,112,107,4,55,8,33,39,254,42,67,59,45,780,53,22,57,48,116,145,42,60,545,268,69,257,94,231,20,273,13,20,395,76,78,62,108,37,117,123,99,379,29,80,128,114,83,127,292,141,198,60,182,106,204,62,202,1180,137,59,124,0,16,487,144,308,1164,390,576,585,2184,3,0,0,56,123,4,57,54,6,1,0,0,5,7,8,8,2,0,34,6,16,298,161,0,40,1,108,60,1,4,18,15,0,0,4,11,0,0,0,0,0,0,0,0,0,0,0,0,0,0,0,0,0,0,0,0,0,0,0,0,0,0,0,0,0,0,0,0,0,0,0,0,0,0,0,0,0,0,0,0,0,0,0,0,0,0,0,0,0,0,0,0,0,0,0,0,0,0,0,0,0,0,0,0,0,0,0,0,0,0,0,0,0,0,0,0,0,0,0,0,0,0,0,0,0,0,0,0,0,0,0,0,0,0,0,0,0,0,0,0,0,0,0,0,0,0,0,0,0,0,0,0,0,0,0,0,0,0,0,0,0,0,0,0,0,0,0,0,0,0,0,0,0,0,0,0,0,0,0,0,0,0,0,0,0,0,0,0,0,0,0,0,0,0,0,0,0,0,0,0,0,0,0,0,0,0,0,0,0,0,0,0,0,0,0,0,0,0,0,0,0,0,0,0,0,0,0,0,0,0,0,0,0,0,0,0,0
1991,28287,443,79,17,3,12,1,76,0,0,0,3,169,17,42,63,95,410,186,31,111,0,5,8,8,442,15,0,241,9,6,0,78,127,7,120,788,0,13,12,642,185,0,9,1516,29,0,12,819,644,1003,163,0,0,0,0,195,0,1,5,141,10,2,26,170,0,37,49,23,363,302,11,26,12,24,75,204,18,31,19,58,29,0,262,15,0,16,16,47,0,103,25,100,26,41,90,11,14,34,36,0,172,0,87,24,41,149,27,42,30,12,65,0,38,29,168,123,123,3,65,3,35,49,270,41,68,77,48,681,57,12,52,50,101,178,49,61,508,263,69,268,99,234,18,260,4,23,414,83,87,72,122,43,150,133,102,382,32,76,157,101,87,142,326,160,229,69,181,105,205,22,235,1253,128,64,120,0,17,453,144,321,1175,395,599,564,2171,3,0,1,49,109,3,76,65,5,0,0,0,4,5,5,8,1,0,37,5,22,259,148,0,24,1,102,81,1,5,19,0,0,3,5,19,1,0,0,0,0,0,0,0,0,0,0,0,0,0,0,0,0,0,0,0,0,0,0,0,0,0,0,0,0,0,0,0,0,0,0,0,0,0,0,0,0,0,0,0,0,0,0,0,0,0,0,0,0,0,0,0,0,0,0,0,0,0,0,0,0,0,0,0,0,0,0,0,0,0,0,0,0,0,0,0,0,0,0,0,0,0,0,0,0,0,0,0,0,0,0,0,0,0,0,0,0,0,0,0,0,0,0,0,0,0,0,0,0,0,0,0,0,0,0,0,0,0,0,0,0,0,0,0,0,0,0,0,0,0,0,0,0,0,0,0,0,0,0,0,0,0,0,0,0,0,0,0,0,0,0,0,0,0,0,0,0,0,0,0,0,0,0,0,0,0,0,0,0,0,0,0,0,0,0,0,0,0,0,0,0,0,0,0,0,0,0,0,0,0,0,0,0,0,0,0,0
1992,28140,405,85,16,5,15,2,74,0,0,0,0,153,13,43,77,112,433,190,31,76,0,5,10,5,392,19,0,205,13,6,2,90,143,5,128,782,0,15,6,630,167,0,11,1524,41,0,17,934,614,989,185,0,0,0,0,217,0,0,9,156,11,4,22,169,0,43,36,23,369,326,12,29,13,23,99,228,20,46,34,58,27,0,278,19,0,26,13,49,0,130,24,97,36,35,96,11,12,40,32,0,213,0,79,28,34,136,23,50,25,9,81,0,45,33,177,163,155,2,59,0,34,49,237,51,55,66,49,589,59,23,55,59,74,25,50,51,435,282,60,308,93,233,17,281,1,15,444,90,97,67,108,38,134,123,103,365,29,74,138,102,86,142,335,139,190,69,146,95,194,11,225,1283,136,67,120,0,12,461,142,323,1405,377,523,505,2093,5,0,2,68,111,5,47,70,4,0,0,0,6,6,9,4,1,0,30,4,25,220,145,0,25,2,84,87,0,6,17,0,0,3,6,29,0,25,0,0,0,0,0,0,0,0,0,0,0,0,0,0,0,0,0,0,0,0,0,0,0,0,0,0,0,0,0,0,0,0,0,0,0,0,0,0,0,0,0,0,0,0,0,0,0,0,0,0,0,0,0,0,0,0,0,0,0,0,0,0,0,0,0,0,0,0,0,0,0,0,0,0,0,0,0,0,0,0,0,0,0,0,0,0,0,0,0,0,0,0,0,0,0,0,0,0,0,0,0,0,0,0,0,0,0,0,0,0,0,0,0,0,0,0,0,0,0,0,0,0,0,0,0,0,0,0,0,0,0,0,0,0,0,0,0,0,0,0,0,0,0,0,0,0,0,0,0,0,0,0,0,0,0,0,0,0,0,0,0,0,0,0,0,0,0,0,0,0,0,0,0,0,0,0,0,0,0,0,0,0,0,0,0,0,0,0,0,0,0,0,0,0,0,0,0,0,0
1993,28638,438,77,9,9,17,2,62,0,0,0,0,153,16,99,67,138,439,183,45,71,0,6,5,5,366,15,0,194,12,3,3,87,179,8,123,886,0,12,1,619,152,0,14,1509,45,0,15,1121,575,1005,198,0,0,0,0,224,0,2,8,169,9,5,19,163,0,52,29,24,401,383,8,27,6,27,100,235,20,41,32,68,28,0,270,9,0,31,8,52,0,169,30,111,38,40,116,12,16,31,37,0,251,0,101,33,43,137,30,66,28,4,80,0,46,32,171,192,137,0,59,0,32,38,235,48,47,69,48,554,59,21,52,60,75,0,64,53,343,282,72,381,88,266,19,264,0,14,437,106,89,78,110,38,127,132,95,348,17,68,92,103,87,150,334,121,182,68,136,96,193,4,257,1259,144,54,115,0,5,491,137,333,1373,401,592,488,2073,5,0,2,68,99,4,46,95,1,2,0,0,1,3,7,5,0,0,35,6,29,213,161,0,30,2,83,76,2,4,20,0,0,10,12,29,0,28,0,0,0,0,0,0,0,0,0,0,0,0,0,0,0,0,0,0,0,0,0,0,0,0,0,0,0,0,0,0,0,0,0,0,0,0,0,0,0,0,0,0,0,0,0,0,0,0,0,0,0,0,0,0,0,0,0,0,0,0,0,0,0,0,0,0,0,0,0,0,0,0,0,0,0,0,0,0,0,0,0,0,0,0,0,0,0,0,0,0,0,0,0,0,0,0,0,0,0,0,0,0,0,0,0,0,0,0,0,0,0,0,0,0,0,0,0,0,0,0,0,0,0,0,0,0,0,0,0,0,0,0,0,0,0,0,0,0,0,0,0,0,0,0,0,0,0,0,0,0,0,0,0,0,0,0,0,0,0,0,0,0,0,0,0,0,0,0,0,0,0,0,0,0,0,0,0,0,0,0,0,0,0,0,0,0,0,0,0,0,0,0,0,0,0,0,0,0,0
1994,28720,458,74,11,9,14,0,56,0,0,0,0,155,11,157,74,47,476,136,38,71,0,6,1,0,320,18,0,177,4,2,0,86,100,5,102,971,0,12,1,610,125,0,11,1533,41,0,15,1140,594,1036,190,0,0,0,0,193,0,1,12,176,9,7,18,77,0,55,27,21,393,430,5,24,5,31,111,245,22,32,34,69,20,0,176,14,0,37,7,44,0,204,31,105,27,32,125,10,20,32,39,0,299,0,94,36,53,142,37,80,29,0,66,0,54,32,150,203,161,0,60,0,30,45,259,48,49,62,50,589,61,4,42,67,61,0,70,46,276,264,73,440,84,263,22,255,0,2,457,89,99,76,102,36,135,148,88,303,9,66,41,77,95,133,332,102,175,68,124,86,188,1,271,1150,136,43,120,0,6,468,147,344,1272,408,630,492,2207,6,0,2,70,82,3,38,92,0,3,0,0,1,5,0,5,1,0,34,3,27,224,201,0,22,1,77,78,0,6,14,0,0,10,10,28,0,30,1,2,2,2,3,3,7,15,26,32,52,121,192,0,0,0,0,0,0,0,0,0,0,0,0,0,0,0,0,0,0,0,0,0,0,0,0,0,0,0,0,0,0,0,0,0,0,0,0,0,0,0,0,0,0,0,0,0,0,0,0,0,0,0,0,0,0,0,0,0,0,0,0,0,0,0,0,0,0,0,0,0,0,0,0,0,0,0,0,0,0,0,0,0,0,0,0,0,0,0,0,0,0,0,0,0,0,0,0,0,0,0,0,0,0,0,0,0,0,0,0,0,0,0,0,0,0,0,0,0,0,0,0,0,0,0,0,0,0,0,0,0,0,0,0,0,0,0,0,0,0,0,0,0,0,0,0,0,0,0,0,0,0,0,0,0,0,0,0,0,0,0,0,0,0,0,0,0,0,0,0,0,0,0,0,0,0,0,0,0,0,0,0,0,0,0,0,0,0
1995,28953,451,88,10,12,9,3,38,0,0,0,0,151,6,229,63,33,524,90,24,71,0,5,3,0,286,12,0,187,2,2,2,84,74,10,131,972,0,10,0,637,107,0,12,1512,36,0,15,1068,557,1030,197,0,0,0,0,205,0,1,13,155,5,5,11,52,0,55,20,19,340,536,6,20,1,34,151,198,18,24,31,66,21,0,139,17,0,41,6,50,0,218,35,83,32,30,122,9,19,37,41,0,293,0,126,40,43,159,41,72,30,0,72,0,44,23,144,218,176,0,54,0,31,42,224,57,47,62,50,682,63,0,37,66,49,0,79,51,316,266,79,453,81,290,13,296,0,0,475,85,87,66,109,40,123,162,95,312,2,77,18,72,106,118,294,103,198,77,108,109,196,0,235,1134,137,45,109,0,3,491,148,345,1342,375,564,509,2446,2,0,2,72,90,3,33,56,2,4,0,0,0,2,0,1,0,0,29,3,25,202,211,0,15,1,36,90,0,5,9,0,0,9,15,32,0,33,6,1,1,0,1,6,2,17,22,27,55,130,224,72,4,0,0,0,0,0,0,0,0,0,0,0,0,0,0,0,0,0,0,0,0,0,0,0,0,0,0,0,0,0,0,0,0,0,0,0,0,0,0,0,0,0,0,0,0,0,0,0,0,0,0,0,0,0,0,0,0,0,0,0,0,0,0,0,0,0,0,0,0,0,0,0,0,0,0,0,0,0,0,0,0,0,0,0,0,0,0,0,0,0,0,0,0,0,0,0,0,0,0,0,0,0,0,0,0,0,0,0,0,0,0,0,0,0,0,0,0,0,0,0,0,0,0,0,0,0,0,0,0,0,0,0,0,0,0,0,0,0,0,0,0,0,0,0,0,0,0,0,0,0,0,0,0,0,0,0,0,0,0,0,0,0,0,0,0,0,0,0,0,0,0,0,0,0,0,0,0,0,0,0,0,0,0,0,0
1996,28564,449,77,10,8,10,2,37,0,0,0,0,156,3,242,68,26,541,47,27,71,0,6,7,0,258,11,0,207,2,5,3,87,41,9,132,984,0,16,0,611,105,0,9,1469,27,0,9,973,512,1029,189,0,1,0,0,191,0,1,12,162,4,3,5,36,0,60,19,23,358,574,3,16,0,32,150,187,22,22,32,81,20,0,129,9,0,39,7,39,0,177,38,72,29,18,110,12,37,35,37,0,264,0,122,35,47,136,40,91,26,0,60,0,39,23,140,224,165,0,45,0,32,43,235,45,48,47,43,664,53,0,41,60,60,0,77,54,363,258,61,477,68,324,16,300,0,0,464,85,75,58,123,39,126,152,95,274,1,82,3,78,110,105,276,78,269,92,77,127,195,0,240,1093,120,32,114,0,2,439,144,353,1456,297,567,524,2509,4,0,1,78,92,2,35,60,2,2,0,0,0,0,0,0,0,0,26,1,16,178,225,0,16,0,21,104,0,5,5,0,0,6,13,25,0,34,7,0,0,2,3,3,1,16,28,27,41,111,226,123,2,3,26,17,0,0,0,0,0,0,0,0,0,0,0,0,0,0,0,0,0,0,0,0,0,0,0,0,0,0,0,0,0,0,0,0,0,0,0,0,0,0,0,0,0,0,0,0,0,0,0,0,0,0,0,0,0,0,0,0,0,0,0,0,0,0,0,0,0,0,0,0,0,0,0,0,0,0,0,0,0,0,0,0,0,0,0,0,0,0,0,0,0,0,0,0,0,0,0,0,0,0,0,0,0,0,0,0,0,0,0,0,0,0,0,0,0,0,0,0,0,0,0,0,0,0,0,0,0,0,0,0,0,0,0,0,0,0,0,0,0,0,0,0,0,0,0,0,0,0,0,0,0,0,0,0,0,0,0,0,0,0,0,0,0,0,0,0,0,0,0,0,0,0,0,0,0,0,0,0,0,0,0,0,0
1997,28163,246,46,10,7,7,2,35,0,0,0,0,170,9,145,29,23,549,27,20,66,0,7,7,0,279,14,0,187,0,2,7,64,45,63,92,1048,0,14,0,614,91,0,7,1419,25,0,7,918,450,985,160,0,0,0,0,173,0,0,8,185,3,0,3,22,0,68,17,20,334,591,0,16,0,28,139,278,18,29,22,106,24,0,115,10,0,40,7,48,0,126,42,66,33,18,97,24,12,26,36,0,249,0,110,29,37,135,37,45,24,0,70,0,41,19,148,246,111,0,46,0,36,38,273,45,50,40,42,761,58,0,44,51,23,0,65,50,347,235,65,497,55,340,53,330,0,0,451,96,77,53,117,15,116,108,83,302,0,82,46,22,107,120,254,66,218,83,77,130,168,0,236,996,113,9,127,0,1,415,139,362,1451,230,598,515,2372,4,0,0,76,99,1,6,111,1,3,0,0,0,0,0,0,0,0,32,0,10,188,200,0,18,0,5,100,0,3,12,0,0,8,6,8,0,40,4,0,0,1,5,1,0,11,25,26,37,113,218,148,1,5,27,71,1,1,48,2,4,7,9,10,11,12,12,49,17,30,32,33,181,39,45,49,67,0,0,0,0,0,0,0,0,0,0,0,0,0,0,0,0,0,0,0,0,0,0,0,0,0,0,0,0,0,0,0,0,0,0,0,0,0,0,0,0,0,0,0,0,0,0,0,0,0,0,0,0,0,0,0,0,0,0,0,0,0,0,0,0,0,0,0,0,0,0,0,0,0,0,0,0,0,0,0,0,0,0,0,0,0,0,0,0,0,0,0,0,0,0,0,0,0,0,0,0,0,0,0,0,0,0,0,0,0,0,0,0,0,0,0,0,0,0,0,0,0,0,0,0,0,0,0,0,0,0,0,0,0,0,0,0,0,0,0,0,0,0,0,0,0,0,0,0,0,0,0,0,0,0,0,0,0,0,0,0
1998,28175,127,19,7,7,3,3,30,0,0,0,0,158,6,161,11,12,579,9,8,52,0,4,4,0,299,7,0,153,0,4,5,39,25,114,78,1067,0,17,0,603,85,0,4,1355,20,0,3,845,432,988,127,0,0,0,0,166,0,0,4,182,0,0,0,11,0,66,15,23,336,682,0,12,0,12,151,346,21,17,27,21,12,0,103,10,0,36,0,44,0,48,41,52,27,17,98,35,2,23,33,0,255,0,101,34,44,141,35,10,24,0,65,0,44,12,151,205,66,0,38,0,27,28,275,53,55,42,40,823,61,0,56,49,13,0,79,46,367,261,56,499,55,294,72,245,0,0,467,64,71,54,104,10,116,55,80,275,0,77,8,7,117,133,289,77,194,77,72,121,155,0,243,952,100,0,112,0,1,396,142,363,1389,237,561,532,2706,2,0,0,81,108,2,3,115,1,3,0,0,0,0,0,0,0,0,51,0,15,170,210,0,12,0,1,96,0,3,7,0,0,10,7,16,0,45,5,0,0,0,1,0,0,5,15,13,18,107,204,169,0,12,29,119,3,5,101,42,6,7,36,25,9,25,24,70,36,117,50,72,259,58,58,94,77,1,2,2,11,11,98,0,0,0,0,0,0,0,0,0,0,0,0,0,0,0,0,0,0,0,0,0,0,0,0,0,0,0,0,0,0,0,0,0,0,0,0,0,0,0,0,0,0,0,0,0,0,0,0,0,0,0,0,0,0,0,0,0,0,0,0,0,0,0,0,0,0,0,0,0,0,0,0,0,0,0,0,0,0,0,0,0,0,0,0,0,0,0,0,0,0,0,0,0,0,0,0,0,0,0,0,0,0,0,0,0,0,0,0,0,0,0,0,0,0,0,0,0,0,0,0,0,0,0,0,0,0,0,0,0,0,0,0,0,0,0,0,0,0,0,0,0,0,0,0,0,0,0,0,0,0,0,0,0,0
1999,28531,54,7,9,4,3,1,20,0,0,0,0,148,1,157,1,1,594,2,4,63,0,6,0,0,343,2,0,143,0,3,4,15,5,127,73,1161,0,12,0,621,84,0,4,1282,16,0,0,791,429,929,116,0,0,0,0,159,0,0,6,153,0,0,0,2,0,72,20,29,317,783,0,11,0,7,170,357,28,1,34,11,5,0,59,12,0,34,0,49,0,32,46,62,31,21,96,35,0,24,34,0,258,0,125,32,39,137,26,1,23,0,64,0,41,11,168,202,28,0,37,0,21,34,291,49,49,42,45,946,50,0,61,55,5,0,80,42,424,252,54,463,49,293,87,235,0,0,468,83,64,55,6,2,106,24,77,285,0,83,2,0,109,115,296,80,293,77,84,112,171,0,256,887,98,0,109,0,0,400,146,378,1355,262,577,535,2838,1,0,0,77,124,0,0,106,2,2,0,0,0,0,0,0,0,0,52,0,18,181,180,0,13,0,0,87,0,3,13,0,0,13,8,9,0,41,5,0,0,0,1,0,0,1,4,3,5,105,201,193,0,14,33,125,4,3,153,31,4,6,49,26,6,34,30,74,58,137,77,54,318,89,59,113,84,2,0,3,51,20,112,4,123,0,0,0,0,0,0,0,0,0,0,0,0,0,0,0,0,0,0,0,0,0,0,0,0,0,0,0,0,0,0,0,0,0,0,0,0,0,0,0,0,0,0,0,0,0,0,0,0,0,0,0,0,0,0,0,0,0,0,0,0,0,0,0,0,0,0,0,0,0,0,0,0,0,0,0,0,0,0,0,0,0,0,0,0,0,0,0,0,0,0,0,0,0,0,0,0,0,0,0,0,0,0,0,0,0,0,0,0,0,0,0,0,0,0,0,0,0,0,0,0,0,0,0,0,0,0,0,0,0,0,0,0,0,0,0,0,0,0,0,0,0,0,0,0,0,0,0,0,0,0,0,0
2000,28398,24,0,7,3,9,1,17,0,0,0,0,125,0,174,0,0,580,2,2,65,0,3,0,0,378,4,0,149,0,1,7,1,1,125,90,1179,0,9,0,639,87,0,6,1219,19,0,0,781,479,891,122,0,0,0,0,168,0,0,4,152,0,0,0,1,0,76,13,25,285,806,0,8,0,5,121,370,22,0,27,7,0,0,70,8,0,36,0,53,0,29,45,66,27,18,121,42,0,23,35,0,241,0,104,29,35,146,26,0,23,0,79,0,42,5,147,217,1,0,34,0,23,33,294,43,49,34,47,958,51,0,58,54,1,0,96,40,587,250,52,450,70,272,101,196,0,0,471,81,64,57,1,0,98,9,84,302,0,79,0,0,103,114,283,95,306,87,95,107,173,0,290,847,99,0,100,0,0,370,159,390,1380,298,535,512,2459,0,0,0,67,111,1,0,129,2,2,0,0,0,0,0,0,0,0,45,0,22,190,156,0,11,0,0,91,0,3,12,0,0,11,8,9,0,40,4,0,0,0,0,0,0,0,0,0,0,115,205,166,0,10,34,137,5,3,156,39,8,10,64,42,8,45,27,77,61,128,76,64,316,102,49,147,110,0,1,0,46,23,108,58,146,2,3,4,8,8,75,0,0,0,0,0,0,0,0,0,0,0,0,0,0,0,0,0,0,0,0,0,0,0,0,0,0,0,0,0,0,0,0,0,0,0,0,0,0,0,0,0,0,0,0,0,0,0,0,0,0,0,0,0,0,0,0,0,0,0,0,0,0,0,0,0,0,0,0,0,0,0,0,0,0,0,0,0,0,0,0,0,0,0,0,0,0,0,0,0,0,0,0,0,0,0,0,0,0,0,0,0,0,0,0,0,0,0,0,0,0,0,0,0,0,0,0,0,0,0,0,0,0,0,0,0,0,0,0,0,0,0,0,0,0,0,0,0,0,0,0,0,0,0,0,0,0
2001,29235,6,0,5,2,10,1,29,0,0,0,0,115,0,214,0,0,592,0,1,94,0,4,0,0,412,5,0,165,0,0,9,1,1,133,93,1321,0,11,0,689,82,0,4,1205,26,0,0,776,507,918,110,0,0,0,0,152,0,0,5,140,0,0,0,0,0,71,21,33,274,847,0,7,0,3,77,362,22,0,18,5,0,0,383,11,0,32,0,56,0,25,45,56,30,16,130,36,0,21,36,0,240,0,100,37,34,149,27,0,28,0,79,0,37,1,148,248,1,0,31,0,27,33,312,43,53,36,48,1026,44,0,50,46,0,0,87,40,512,252,49,486,74,235,87,210,0,0,432,64,65,59,1,0,98,3,87,307,0,83,0,0,90,129,253,100,265,116,87,115,167,0,324,1001,100,0,92,0,0,396,137,407,1428,319,518,512,2198,0,0,0,76,120,3,0,157,1,3,0,0,0,0,0,0,0,0,51,0,23,194,156,0,8,0,0,115,0,2,22,0,0,7,6,9,0,42,7,0,0,0,0,0,0,0,0,0,0,135,213,173,0,4,37,139,7,0,153,37,6,10,79,36,7,54,13,86,75,104,90,64,326,92,51,140,116,0,0,0,51,25,133,70,144,0,14,18,11,26,160,1,15,0,0,0,0,0,0,0,0,0,0,0,0,0,0,0,0,0,0,0,0,0,0,0,0,0,0,0,0,0,0,0,0,0,0,0,0,0,0,0,0,0,0,0,0,0,0,0,0,0,0,0,0,0,0,0,0,0,0,0,0,0,0,0,0,0,0,0,0,0,0,0,0,0,0,0,0,0,0,0,0,0,0,0,0,0,0,0,0,0,0,0,0,0,0,0,0,0,0,0,0,0,0,0,0,0,0,0,0,0,0,0,0,0,0,0,0,0,0,0,0,0,0,0,0,0,0,0,0,0,0,0,0,0,0,0,0,0,0,0,0,0,0,0,0
2002,29910,4,0,4,3,4,3,54,0,0,0,0,108,0,195,0,0,595,0,1,90,0,4,0,0,428,12,0,212,0,0,5,0,0,154,85,1348,0,10,0,686,97,0,4,1298,26,0,0,793,538,888,95,0,0,0,0,174,0,0,6,160,0,0,0,0,0,68,27,30,297,825,0,6,0,2,66,376,29,0,13,3,0,0,762,17,0,31,0,54,0,23,38,49,37,15,131,30,2,21,49,0,213,0,98,36,35,154,28,0,30,1,60,0,37,0,162,280,0,0,30,0,28,30,311,25,64,40,47,1016,54,0,60,45,0,0,96,35,544,224,52,516,67,248,64,202,0,0,397,53,63,60,1,0,101,0,80,310,0,75,0,0,86,129,285,119,280,104,107,126,175,0,337,1139,114,0,90,0,0,370,141,405,1291,333,455,513,2075,1,0,0,75,116,5,0,172,1,0,0,0,0,0,0,0,0,0,79,0,20,180,159,0,13,0,0,108,0,3,21,0,0,8,5,11,0,46,7,0,0,0,0,0,0,0,0,0,0,142,206,191,0,5,30,208,8,0,153,43,6,7,65,33,10,53,3,89,69,83,89,48,352,65,43,133,53,0,0,3,59,28,143,57,166,0,21,26,27,41,188,0,79,1,4,5,14,0,0,0,0,0,0,0,0,0,0,0,0,0,0,0,0,0,0,0,0,0,0,0,0,0,0,0,0,0,0,0,0,0,0,0,0,0,0,0,0,0,0,0,0,0,0,0,0,0,0,0,0,0,0,0,0,0,0,0,0,0,0,0,0,0,0,0,0,0,0,0,0,0,0,0,0,0,0,0,0,0,0,0,0,0,0,0,0,0,0,0,0,0,0,0,0,0,0,0,0,0,0,0,0,0,0,0,0,0,0,0,0,0,0,0,0,0,0,0,0,0,0,0,0,0,0,0,0,0,0,0,0,0,0,0,0,0,0,0,0
2003,30381,1,0,3,4,5,5,65,0,0,0,0,91,0,197,0,0,571,0,3,91,0,3,0,0,417,11,0,227,0,0,7,0,0,136,101,1257,0,10,0,694,126,0,6,1423,24,0,0,795,601,954,95,0,0,0,0,193,0,0,8,170,0,0,0,0,0,64,27,36,297,756,0,4,0,0,73,391,26,0,8,5,0,0,840,13,0,32,0,67,0,14,36,56,41,18,134,25,0,19,54,0,303,0,98,38,44,153,22,0,29,1,70,0,39,0,172,285,0,0,28,0,24,40,313,29,58,44,47,925,54,0,66,46,0,0,112,40,593,223,60,544,71,220,70,171,0,0,413,60,68,63,0,0,99,0,81,350,0,75,0,0,104,128,299,101,292,86,88,165,165,0,315,1231,136,0,81,0,0,391,148,403,1152,309,432,529,2090,1,0,0,63,110,7,0,178,1,0,0,0,0,0,0,0,0,0,94,0,32,196,169,0,14,0,0,116,0,3,22,0,0,5,5,6,0,53,7,0,0,0,0,0,0,0,0,0,0,158,206,215,0,8,30,187,3,0,145,45,2,5,39,37,9,0,0,88,56,55,87,45,360,54,40,138,15,0,0,67,68,26,137,78,162,0,19,23,14,35,175,0,0,0,23,22,23,2,5,12,46,119,0,0,0,0,0,0,0,0,0,0,0,0,0,0,0,0,0,0,0,0,0,0,0,0,0,0,0,0,0,0,0,0,0,0,0,0,0,0,0,0,0,0,0,0,0,0,0,0,0,0,0,0,0,0,0,0,0,0,0,0,0,0,0,0,0,0,0,0,0,0,0,0,0,0,0,0,0,0,0,0,0,0,0,0,0,0,0,0,0,0,0,0,0,0,0,0,0,0,0,0,0,0,0,0,0,0,0,0,0,0,0,0,0,0,0,0,0,0,0,0,0,0,0,0,0,0,0,0,0,0,0,0,0,0,0
2004,39516,0,0,35,2,6,4,0,0,0,0,0,92,0,405,0,0,594,0,1,0,0,10,0,0,433,8,0,202,0,1,4,0,0,112,375,1192,0,0,0,708,155,0,6,1444,26,0,0,757,0,1014,94,0,0,0,0,1361,0,0,7,202,0,0,0,0,0,71,64,29,45,636,0,2,0,0,65,413,70,0,10,74,0,0,1209,0,0,30,0,71,0,5,27,25,41,16,150,0,10,19,0,0,0,0,106,32,55,166,19,0,33,0,0,0,137,0,174,291,0,0,95,0,48,75,267,0,294,939,341,1110,463,0,69,78,0,0,0,43,0,772,77,597,97,208,0,0,0,0,417,56,191,68,0,0,671,0,329,489,0,85,0,0,0,1019,297,0,0,91,0,148,624,0,267,1201,131,0,88,0,0,694,269,397,860,405,0,547,0,0,0,0,68,128,0,0,0,0,0,0,0,0,0,0,0,0,0,101,0,25,0,0,0,33,0,0,0,0,2,310,0,0,0,0,6,0,61,0,0,0,0,0,0,0,0,0,0,0,408,0,0,0,0,122,0,0,0,154,0,0,0,0,0,0,0,0,0,0,0,0,1,85,0,45,0,0,0,0,115,0,26,202,0,0,0,232,57,0,0,189,0,0,0,0,690,27,0,0,23,0,0,1,38,1,99,132,608,16,4,26,21,138,3,176,11,3,4,5,14,15,0,10,10,90,12,12,149,15,16,17,19,59,21,26,74,286,48,50,305,193,65,72,102,112,3686,159,188,255,295,385,0,0,0,0,0,0,0,0,0,0,0,0,0,0,0,0,0,0,0,0,0,0,0,0,0,0,0,0,0,0,0,0,0,0,0,0,0,0,0,0,0,0,0,0,0,0,0,0,0,0,0,0,0,0,0,0,0,0,0,0,0,0,0,0,0,0,0,0,0,0,0,0,0,0,0,0,0,0,0,0,0,0,0,0,0,0
2005,40510,0,0,34,1,8,1,0,0,0,0,0,81,0,420,0,0,598,0,2,0,0,10,0,0,48,12,0,203,0,2,1,0,0,103,447,1064,0,0,0,668,159,0,10,1406,27,0,0,795,0,1055,93,0,0,0,0,1376,0,0,7,199,0,0,0,0,0,66,77,27,48,563,0,4,0,0,72,440,72,0,13,72,0,0,1069,0,0,22,0,68,0,1,24,31,37,18,157,0,7,23,0,0,0,0,106,33,53,158,20,0,31,0,0,0,137,0,191,298,0,0,102,0,64,82,263,0,318,1064,472,1058,504,0,67,93,0,0,0,37,0,877,86,658,103,227,0,0,0,0,394,50,207,60,0,0,693,0,377,483,0,98,0,0,0,1058,289,0,0,95,0,127,613,0,247,1261,124,0,75,0,0,760,294,404,952,408,0,534,0,0,0,0,79,125,0,0,0,0,0,0,0,0,0,0,0,0,0,122,0,28,0,0,0,35,0,0,0,0,2,303,0,0,0,0,6,6,59,0,0,0,0,0,0,0,0,0,0,0,383,0,0,0,0,112,36,0,0,149,0,0,0,0,0,0,0,0,0,0,0,0,0,83,0,37,0,0,0,0,94,0,31,196,0,0,0,249,67,0,0,183,0,0,0,0,794,21,0,0,27,0,0,1,61,0,54,135,624,23,5,38,29,134,0,174,12,4,6,4,14,14,0,11,20,74,18,9,141,10,7,15,10,52,33,19,61,317,48,51,238,216,86,78,101,122,3951,128,251,317,285,363,381,0,0,0,0,0,0,0,0,0,0,0,0,0,0,0,0,0,0,0,0,0,0,0,0,0,0,0,0,0,0,0,0,0,0,0,0,0,0,0,0,0,0,0,0,0,0,0,0,0,0,0,0,0,0,0,0,0,0,0,0,0,0,0,0,0,0,0,0,0,0,0,0,0,0,0,0,0,0,0,0,0,0,0,0,0
2006,41180,0,0,38,1,5,2,0,0,0,0,0,81,0,149,0,0,617,0,2,0,0,12,0,0,24,6,0,232,0,4,2,0,0,98,497,987,0,0,0,668,162,0,11,1195,30,0,0,793,0,1079,88,0,0,0,0,1451,0,0,4,186,0,0,0,0,0,69,75,27,40,477,0,8,0,0,92,414,64,0,10,72,0,0,795,0,0,23,0,59,0,0,17,35,38,18,154,0,3,23,0,0,0,1,108,37,61,151,23,0,26,0,0,0,132,0,202,313,0,0,111,0,62,83,365,0,374,1114,509,970,592,0,61,94,0,0,0,35,0,966,75,677,124,253,0,0,0,0,425,54,222,53,0,0,683,0,317,475,0,100,0,0,0,1071,254,0,0,69,0,179,590,0,266,1222,132,0,75,0,0,846,325,413,754,389,0,525,0,0,0,0,84,144,0,0,0,0,0,0,0,0,0,0,0,0,0,128,0,26,0,0,0,27,0,0,0,0,2,326,0,0,0,0,4,2,58,0,0,0,0,0,0,0,0,0,0,0,403,0,0,0,0,106,290,0,0,153,0,0,0,0,0,0,0,0,0,0,0,0,0,336,0,42,0,0,0,0,99,0,28,211,0,0,0,281,90,0,0,164,0,0,0,0,943,20,0,0,31,0,0,0,101,0,31,129,580,32,9,39,23,109,0,116,12,6,8,7,16,10,0,9,22,68,45,12,170,11,8,12,9,48,32,21,58,208,46,60,329,222,70,62,124,136,3632,120,301,356,91,754,426,1,22,3,4,163,130,188,0,0,0,0,0,0,0,0,0,0,0,0,0,0,0,0,0,0,0,0,0,0,0,0,0,0,0,0,0,0,0,0,0,0,0,0,0,0,0,0,0,0,0,0,0,0,0,0,0,0,0,0,0,0,0,0,0,0,0,0,0,0,0,0,0,0,0,0,0,0,0,0,0,0,0,0,0,0
2007,40923,0,0,37,0,3,1,0,0,0,0,0,87,0,17,0,0,638,0,2,0,0,11,0,0,0,4,0,208,0,4,2,0,0,90,532,956,0,0,0,635,171,0,12,774,31,0,0,830,0,1090,92,0,0,0,0,1520,0,0,5,182,0,0,0,0,0,78,118,31,43,434,0,10,0,0,65,413,70,0,13,62,0,0,908,0,0,22,0,67,0,0,19,38,47,17,143,0,4,21,0,0,0,2,108,32,60,147,25,0,26,0,0,0,124,0,164,342,0,0,96,0,56,96,386,0,353,1130,537,785,729,0,51,91,0,0,0,37,0,929,71,655,139,250,0,0,0,0,472,53,220,61,0,0,711,0,260,452,0,102,0,0,0,1037,255,0,0,0,0,185,551,0,250,1120,118,0,78,0,0,741,337,428,509,367,0,547,0,0,0,0,75,143,0,0,0,0,0,0,0,0,0,0,0,0,0,95,0,20,0,0,0,25,0,0,0,0,6,306,0,0,0,0,6,0,52,0,0,0,0,0,0,0,0,0,0,0,398,0,0,0,0,120,417,0,0,146,0,0,0,0,0,0,0,0,0,0,0,0,0,570,0,44,0,0,0,0,91,0,27,197,0,0,0,281,90,0,0,163,0,0,0,0,916,20,0,0,33,0,0,0,137,0,9,130,595,32,6,49,25,108,0,55,6,4,10,11,13,14,0,11,9,65,24,8,177,8,3,12,20,42,35,25,63,100,41,56,371,192,83,49,134,118,3512,106,292,369,1,1006,482,0,82,7,4,521,139,272,1,1,2,3,21,83,0,0,0,0,0,0,0,0,0,0,0,0,0,0,0,0,0,0,0,0,0,0,0,0,0,0,0,0,0,0,0,0,0,0,0,0,0,0,0,0,0,0,0,0,0,0,0,0,0,0,0,0,0,0,0,0,0,0,0,0,0,0,0,0,0,0,0,0,0,0,0,0
2008,41495,0,0,37,0,5,0,0,0,0,0,0,125,0,6,0,0,644,0,0,0,0,14,0,0,0,2,0,198,0,2,2,0,0,73,612,980,0,0,0,624,174,0,13,804,36,0,0,955,0,1099,90,0,0,0,0,1437,0,0,5,188,0,0,0,0,0,82,133,33,42,446,0,8,0,0,56,397,75,3,15,57,0,0,876,0,0,20,0,75,0,0,14,36,86,19,133,0,1,21,0,0,0,0,105,33,61,155,30,0,26,0,0,0,126,0,150,349,0,0,96,0,44,87,460,0,298,1062,514,732,762,0,47,88,0,0,0,31,0,836,72,672,124,267,0,0,0,0,523,52,243,56,0,0,658,0,204,449,0,107,0,0,0,934,263,0,0,0,0,162,558,0,286,1147,105,0,71,0,0,723,348,451,254,344,0,581,0,0,0,0,138,219,0,0,0,0,1,0,0,0,0,0,0,0,0,102,0,19,0,0,0,28,0,0,0,0,2,376,0,0,1,0,5,0,54,0,0,0,0,0,0,0,0,0,0,0,439,0,0,0,0,86,423,0,0,142,0,0,0,0,0,0,0,0,0,0,0,0,0,699,0,54,0,0,0,0,91,0,28,177,0,0,0,294,96,0,0,140,0,0,0,0,1009,20,0,0,33,0,0,0,173,0,0,138,542,34,7,65,23,119,0,20,4,4,12,19,10,15,0,11,12,4,31,9,188,14,0,10,19,57,29,35,75,31,35,49,355,211,72,75,131,102,1432,92,322,402,0,1139,514,0,79,11,7,504,146,288,65,84,6,102,38,2016,46,36,25,24,19,14,15,49,0,0,0,0,0,0,0,0,0,0,0,0,0,0,0,0,0,0,0,0,0,0,0,0,0,0,0,0,0,0,0,0,0,0,0,0,0,0,0,0,0,0,0,0,0,0,0,0,0,0,0,0,0,0,0,0,0,0,0,0,0,0,0,0
2009,41918,0,0,36,2,7,2,0,0,0,0,0,159,0,3,0,0,620,0,0,0,0,14,0,0,0,3,0,194,0,3,7,0,0,82,588,1035,0,0,0,707,117,0,11,945,28,0,0,1090,0,1052,64,0,0,0,0,1417,0,0,9,180,0,0,0,0,0,82,155,30,45,469,0,13,0,0,36,443,73,21,10,51,0,0,811,0,0,14,0,70,0,0,16,31,116,18,141,0,2,22,508,0,0,0,89,34,58,139,40,0,25,0,0,0,129,0,159,340,0,0,86,0,44,69,442,0,277,1017,493,702,377,0,46,82,0,0,0,31,0,843,68,656,109,243,0,0,0,0,574,50,217,42,0,0,626,0,202,443,0,117,0,0,0,899,260,0,0,0,0,155,567,0,297,1189,98,0,64,0,0,743,345,463,110,311,0,554,0,0,0,0,154,215,0,0,0,0,1,0,0,0,0,0,0,0,0,110,0,25,0,0,0,23,0,0,0,0,2,491,0,0,7,0,4,0,50,0,0,0,0,0,0,0,0,0,0,0,463,0,0,0,0,54,429,0,0,163,0,0,0,0,0,0,0,0,0,0,0,0,0,646,0,69,0,0,0,0,88,0,30,195,0,0,0,286,102,0,0,128,0,0,0,0,1041,19,0,0,30,0,0,0,179,0,0,149,454,29,9,45,19,118,0,2,5,4,11,19,11,17,0,8,12,3,61,11,191,16,0,5,18,49,33,30,80,4,31,50,345,208,101,106,139,94,267,79,329,316,0,1038,507,0,78,18,10,513,140,328,128,164,18,151,41,3055,44,70,37,35,22,59,22,52,9,1,102,6,5,5,6,19,26,29,93,0,0,0,0,0,0,0,0,0,0,0,0,0,0,0,0,0,0,0,0,0,0,0,0,0,0,0,0,0,0,0,0,0,0,0,0,0,0,0,0,0,0,0,0,0,0,0,0,0,0,0,0,0
2010,41949,0,0,38,2,4,1,0,0,0,0,0,201,0,0,0,0,600,0,4,0,0,7,0,0,0,2,0,190,0,3,8,0,0,90,551,1169,0,0,0,735,122,0,9,1024,25,0,0,1169,0,1092,44,0,0,0,0,1446,0,0,7,176,0,0,0,0,0,79,177,32,38,524,0,14,0,0,48,439,74,13,12,43,0,0,784,0,0,14,0,65,0,0,14,28,128,15,140,0,6,21,844,0,0,0,91,33,57,127,40,0,20,0,0,0,125,0,149,336,0,0,81,0,39,70,526,0,226,913,411,580,79,0,45,78,0,0,0,36,0,906,67,652,101,210,0,0,0,0,621,59,201,44,0,0,599,0,204,449,0,112,0,0,0,813,307,0,0,0,0,136,593,0,327,1273,93,0,67,0,0,730,357,478,58,308,0,505,0,1,0,0,136,181,0,0,0,0,0,0,0,0,0,0,0,0,0,59,0,24,0,0,0,24,0,0,0,0,2,565,0,0,7,0,6,0,58,0,0,0,0,0,0,0,0,0,0,0,466,0,0,0,0,33,377,0,0,194,0,0,0,0,0,0,0,0,0,0,0,0,0,612,0,41,0,0,0,0,70,0,33,187,0,0,0,292,112,0,0,101,0,0,0,0,1030,16,0,0,26,0,0,0,200,0,0,149,426,15,8,16,8,108,0,0,4,4,6,21,9,11,0,12,8,3,36,12,178,19,0,3,14,44,36,32,84,0,35,49,319,213,101,135,143,82,118,82,361,132,0,1020,526,0,89,13,16,504,150,287,158,181,23,201,33,2927,42,89,32,52,22,131,25,59,16,62,118,15,7,13,12,79,29,34,205,5,5,7,26,95,0,0,0,0,0,0,0,0,0,0,0,0,0,0,0,0,0,0,0,0,0,0,0,0,0,0,0,0,0,0,0,0,0,0,0,0,0,0,0,0,0,0,0,0,0,0,0,0
2011,42606,37,7,26,1,2,2,0,0,0,0,0,226,0,0,0,0,560,0,6,0,0,6,0,0,0,0,0,219,0,1,5,0,0,78,605,1229,0,0,0,729,59,0,10,1128,26,0,0,1178,0,1055,10,0,0,0,0,1446,0,0,8,175,0,0,0,0,0,69,220,30,39,608,0,15,0,0,26,493,64,8,8,33,0,0,816,0,0,12,0,70,0,0,11,26,127,13,132,0,8,16,866,0,0,0,82,35,49,118,41,0,13,0,0,0,129,0,155,362,0,0,77,0,32,63,656,0,204,826,328,662,13,0,47,65,0,0,0,31,0,928,60,648,103,189,0,0,0,0,644,49,205,39,0,0,529,0,208,507,0,117,0,0,0,697,372,0,0,0,0,143,644,0,317,1297,79,0,70,0,0,753,346,493,44,306,0,507,0,3,0,0,157,169,0,0,0,0,0,0,0,0,0,0,0,0,0,12,0,23,0,0,0,28,0,0,0,0,4,647,0,0,3,0,10,0,60,0,0,0,0,0,0,0,0,0,0,0,547,0,0,0,0,25,374,0,0,198,0,0,0,0,0,0,0,0,0,0,0,0,0,601,0,21,0,0,0,0,78,0,28,235,0,0,0,279,103,0,0,70,0,0,0,0,1051,16,0,0,19,0,0,0,231,0,0,135,384,14,5,10,5,107,0,0,2,3,1,18,7,12,0,6,6,2,38,9,191,16,0,6,19,43,42,30,96,0,43,38,344,218,104,142,152,89,27,72,439,47,0,1032,507,0,74,6,15,476,108,270,108,150,31,205,27,2927,38,121,35,50,23,194,24,81,16,118,209,19,8,30,12,139,21,17,263,9,8,15,69,177,25,1,1,2,2,8,0,0,0,0,0,0,0,0,0,0,0,0,0,0,0,0,0,0,0,0,0,0,0,0,0,0,0,0,0,0,0,0,0,0,0,0,0,0,0,0,0,0
2012,42883,54,19,25,0,8,0,0,0,0,0,0,268,0,0,0,0,587,0,3,0,0,7,0,0,0,2,0,196,0,1,3,0,0,19,674,1386,0,0,0,752,26,0,9,1163,18,0,0,1241,0,1110,2,0,0,0,0,1388,0,0,9,195,0,0,0,0,0,54,270,26,39,697,0,16,0,0,9,518,64,16,6,34,0,0,697,0,0,14,0,67,0,0,6,24,117,0,147,0,5,17,873,0,0,0,71,36,38,113,43,0,11,0,0,0,120,0,143,381,0,0,64,0,27,58,641,0,188,749,282,655,6,0,51,73,0,0,0,16,0,968,59,633,105,166,0,0,0,0,656,49,226,30,0,0,468,0,224,542,0,110,0,0,0,625,355,0,0,1,0,170,613,0,313,1366,71,0,76,0,0,803,329,485,47,270,0,482,0,1,0,0,149,168,0,0,0,0,0,0,0,0,0,0,0,0,0,2,0,21,0,0,0,31,0,0,0,0,4,705,0,0,11,0,5,1,55,0,0,0,0,0,0,0,0,0,0,0,571,0,0,0,0,17,369,0,0,228,0,0,0,0,0,0,0,0,0,0,0,0,0,644,0,4,0,0,0,0,80,0,25,241,0,0,0,288,93,0,0,39,0,0,0,0,1113,16,0,0,20,0,0,0,259,0,0,161,368,16,4,4,2,93,0,0,1,5,0,16,7,11,0,4,4,0,33,5,195,20,0,8,19,34,32,34,91,0,38,29,401,225,57,122,177,75,42,86,443,6,0,924,489,0,56,6,11,473,123,260,36,111,32,198,22,2967,39,113,34,58,31,258,18,102,11,114,231,20,9,32,9,153,31,1,268,12,8,21,100,178,49,0,0,13,14,6,1,61,6,43,0,0,0,0,0,0,0,0,0,0,0,0,0,0,0,0,0,0,0,0,0,0,0,0,0,0,0,0,0,0,0,0,0,0,0,0,0,0
2013,43398,57,25,25,0,5,0,0,0,0,0,0,296,0,0,0,0,627,0,4,0,0,7,0,0,0,1,0,178,0,1,2,0,0,11,671,1514,0,0,0,670,14,0,9,1170,7,0,0,1287,0,1197,1,0,0,0,0,1386,0,0,8,176,0,0,0,0,0,66,260,30,40,791,0,16,0,0,0,529,62,13,2,25,0,0,619,0,0,18,0,54,0,0,6,27,116,0,136,0,8,18,817,0,0,0,63,44,42,97,44,0,13,0,0,0,90,0,126,363,0,0,53,0,25,42,615,0,193,716,281,605,2,0,58,100,0,0,0,19,0,1068,52,612,104,180,0,0,0,0,768,61,199,24,0,0,380,0,225,584,0,108,0,0,0,534,403,0,0,1,0,136,697,0,291,1431,70,0,77,0,0,800,346,487,69,212,0,444,0,2,0,0,179,161,0,0,0,0,0,0,0,0,0,0,0,0,0,1,0,19,0,0,0,39,0,0,0,0,3,688,0,0,9,0,1,0,48,0,0,0,0,0,0,0,0,0,0,0,602,0,0,0,0,9,346,0,0,246,0,0,0,0,0,0,0,0,0,0,0,0,0,694,0,0,0,0,0,0,79,0,22,239,0,0,0,329,79,0,0,28,0,0,0,0,1175,41,0,0,25,0,0,0,276,0,0,164,320,13,6,3,1,60,0,0,1,6,0,19,4,12,0,3,5,0,57,9,195,34,0,5,22,38,28,26,110,0,25,21,352,228,57,97,197,77,163,161,428,1,0,983,536,1,61,10,9,494,121,271,11,109,35,207,22,2786,43,113,48,70,32,249,20,125,19,92,225,22,6,36,10,205,31,0,235,19,8,27,98,154,31,0,0,12,18,5,0,129,11,58,1,18,2,7,100,0,0,0,0,0,0,0,0,0,0,0,0,0,0,0,0,0,0,0,0,0,0,0,0,0,0,0,0,0,0,0,0,0
2014,43603,67,39,22,1,3,3,0,0,0,0,0,341,0,0,0,0,632,0,4,0,0,5,0,0,0,3,0,158,0,0,3,0,0,3,644,1596,0,0,0,582,5,0,8,1109,16,0,0,1294,0,1231,0,0,0,0,0,1399,0,0,8,167,0,0,0,0,0,70,262,35,37,905,0,17,0,0,0,517,77,11,0,31,0,0,707,0,0,16,0,54,0,0,1,19,121,0,144,0,8,12,831,0,0,0,49,41,43,120,42,0,90,0,0,0,79,0,134,342,0,0,43,0,28,39,603,0,137,688,237,626,2,0,56,114,0,0,0,22,0,1127,54,635,111,175,0,0,0,0,790,51,177,23,0,0,327,0,219,659,0,113,0,0,0,486,414,0,0,0,0,101,699,0,281,1490,62,0,81,0,0,845,342,486,88,216,0,436,0,2,0,0,144,120,0,0,0,0,0,0,0,0,0,0,0,0,0,0,0,19,0,0,0,34,0,0,0,0,3,751,0,0,9,0,0,0,62,0,0,0,0,0,0,0,0,0,0,0,600,0,0,0,0,2,345,0,0,262,0,0,0,0,0,0,0,0,0,0,0,0,0,685,0,1,0,0,0,0,84,0,26,232,0,0,0,385,83,0,0,3,0,0,0,0,1095,66,0,0,24,0,0,0,320,0,0,155,271,10,7,4,0,34,0,0,0,5,0,25,1,9,0,3,3,0,22,8,208,55,0,3,15,25,16,24,118,0,21,9,311,187,47,93,231,71,202,210,408,0,0,975,608,0,55,19,8,534,118,241,1,103,29,221,27,2649,52,112,51,90,33,248,17,106,11,98,215,20,7,28,17,27,28,0,218,18,8,32,109,165,8,0,0,13,27,5,0,141,16,55,15,29,5,10,118,9,3,4,8,8,202,0,0,0,0,0,0,0,0,0,0,0,0,0,0,0,0,0,0,0,0,0,0,0,0,0,0,0
2015,44087,83,41,16,0,2,2,0,0,0,0,0,337,0,0,0,0,620,0,1,0,0,9,0,0,0,2,0,172,0,1,0,0,0,0,615,1640,0,0,0,580,3,0,7,1146,10,0,0,1319,0,1251,0,0,0,0,0,1480,0,0,10,160,0,0,0,0,0,70,336,38,42,1062,0,14,0,0,0,493,82,22,0,24,0,0,730,0,0,16,0,46,0,0,1,21,111,0,172,0,10,13,786,0,0,0,42,42,45,127,36,0,141,0,0,0,79,0,142,350,0,0,42,0,22,39,589,0,121,628,241,705,2,0,47,112,0,0,0,25,0,1141,55,621,114,180,0,0,0,0,768,39,146,62,0,0,301,0,234,647,0,132,0,0,0,439,468,0,0,0,0,80,759,0,268,1422,51,0,94,0,0,881,341,491,89,378,0,402,0,0,0,0,100,77,0,0,0,0,0,0,0,0,0,0,0,0,0,0,0,15,0,0,0,36,0,0,0,0,1,754,0,0,11,0,1,0,67,0,0,0,0,0,0,0,0,0,0,0,586,0,0,0,0,1,317,0,0,264,0,0,0,0,0,0,0,0,0,0,0,0,0,670,0,1,0,0,0,0,83,0,32,235,0,0,0,389,70,0,0,0,0,0,0,0,1041,91,0,0,28,0,0,0,318,0,0,126,230,10,7,4,0,8,0,0,0,2,0,28,1,3,0,3,3,0,34,8,186,107,0,1,22,23,9,28,100,0,20,7,288,198,52,112,248,76,155,263,402,0,0,1026,657,0,37,12,10,503,115,22,0,100,36,221,31,2790,45,116,47,92,34,224,17,138,13,87,233,16,8,24,19,4,24,0,202,21,9,40,122,135,0,0,0,16,30,4,0,152,18,55,27,37,3,12,147,11,3,20,18,27,200,1,95,27,1,8,12,0,0,0,0,0,0,0,0,0,0,0,0,0,0,0,0,0,0,0,0,0
2016,44880,82,38,11,0,0,2,0,0,0,0,0,353,0,0,0,0,601,0,1,0,0,12,0,0,0,1,0,159,0,0,0,0,0,0,597,1748,0,0,0,530,2,0,6,1151,7,0,0,1329,0,1269,0,0,0,0,0,1556,0,0,10,181,0,0,0,0,0,73,418,30,43,1195,0,17,0,0,0,469,105,22,0,8,0,0,723,0,0,10,0,28,0,0,0,19,108,0,174,0,13,12,750,0,0,0,39,41,52,132,37,0,209,0,0,0,91,0,101,343,0,0,37,0,24,50,587,0,137,615,211,721,1,0,51,103,0,0,0,22,0,1195,55,629,124,181,0,0,0,0,794,38,148,60,0,0,317,0,236,681,0,186,0,0,0,435,511,0,0,0,0,28,784,0,262,1330,50,0,159,0,0,836,348,528,88,340,0,417,0,0,0,0,58,37,0,0,0,0,0,0,0,0,0,0,0,0,0,0,0,17,0,0,0,46,0,0,0,0,0,748,0,0,15,0,3,0,69,0,0,0,0,0,0,0,0,0,0,0,566,0,0,0,0,0,333,0,0,255,0,0,0,0,0,0,0,0,0,0,0,0,0,675,0,0,0,0,0,0,79,0,7,226,0,0,0,343,74,0,0,0,0,0,0,0,997,108,0,0,20,0,0,0,349,0,0,92,219,4,5,3,0,1,0,0,0,1,0,29,1,0,0,4,3,0,34,8,186,142,0,2,22,19,21,26,118,0,30,1,254,191,46,137,226,78,134,305,392,0,0,1015,672,0,30,14,10,585,29,13,1,108,40,230,37,3000,38,101,83,85,38,222,19,119,16,97,231,13,16,29,11,2,24,0,192,25,11,45,121,114,0,0,0,15,32,14,0,149,9,76,32,36,5,14,75,16,0,25,32,53,239,0,201,46,1,20,16,37,43,4,25,42,0,0,0,0,0,0,0,0,0,0,0,0,0,0,0,0
2017,47826,79,39,13,22,0,1,0,0,0,0,0,390,0,0,0,0,585,0,2,0,0,8,0,0,0,2,0,179,0,0,0,0,0,0,614,2048,0,0,0,545,2,0,6,1025,3,0,0,1319,0,1306,0,0,0,0,0,1583,0,0,11,208,0,0,0,0,0,71,506,30,41,1270,0,15,0,0,0,536,104,19,0,3,0,0,696,0,0,6,0,16,0,0,0,19,119,0,175,0,34,12,716,0,0,0,41,36,49,111,32,0,239,0,0,0,90,0,68,312,0,0,36,0,23,52,632,0,135,696,200,845,3,0,42,101,0,0,0,20,0,1243,53,643,135,166,0,0,0,0,785,33,149,65,0,0,326,0,240,648,0,206,0,0,0,459,586,0,0,0,0,34,744,0,552,1296,56,0,167,0,0,819,350,534,92,296,0,433,0,0,0,0,12,5,0,0,0,0,0,0,0,0,0,0,0,0,0,0,0,15,0,0,0,54,0,0,0,0,0,752,0,0,15,0,3,0,59,0,0,0,0,0,0,0,0,0,0,0,520,0,0,0,0,0,363,0,0,249,0,0,0,0,0,0,0,0,0,0,0,0,0,642,0,0,0,0,0,0,120,0,1,228,0,0,0,335,64,0,0,0,0,0,0,0,1002,103,0,0,24,0,0,0,369,0,0,68,3,5,8,3,0,1,0,0,0,0,0,26,1,3,0,3,6,0,38,9,258,203,0,2,23,23,30,34,115,0,31,2,1158,224,299,129,271,75,163,306,390,0,0,934,716,0,21,16,10,620,20,0,0,118,35,249,28,2626,31,91,113,79,36,229,20,92,13,98,234,10,14,26,2,0,26,0,191,28,10,47,128,116,0,28,0,17,45,13,0,150,11,74,47,38,3,28,102,26,0,28,32,69,285,0,522,58,1,33,1,76,75,228,24,189,1,2,3,4,6,8,23,26,241,0,0,0,0,0,0,0
2018,49339,86,40,17,24,1,2,0,0,0,0,0,367,0,0,0,0,626,0,3,0,0,7,0,0,0,1,0,199,0,0,0,0,0,0,656,2318,0,0,0,487,0,0,3,913,7,0,0,1225,0,1285,0,0,0,0,0,1667,0,0,10,201,0,0,0,0,0,68,561,34,47,1184,0,14,0,0,0,480,119,20,0,3,0,0,720,0,0,4,0,12,0,0,0,14,117,0,160,0,32,9,732,0,0,0,54,29,41,108,33,0,228,0,0,0,111,0,53,298,0,0,36,0,29,53,645,0,121,768,213,887,0,0,36,97,0,0,0,23,0,1202,49,634,125,152,0,0,0,0,756,28,152,56,0,0,340,0,242,565,0,201,0,0,0,442,607,0,0,0,0,22,772,0,529,1430,51,0,185,0,0,798,338,545,95,302,0,418,0,0,0,0,1,0,0,0,0,0,0,0,0,0,0,0,0,0,0,0,0,16,0,0,0,13,0,0,0,0,1,633,0,0,20,0,0,0,54,0,0,0,0,0,0,0,0,0,0,0,504,0,0,0,0,0,359,0,0,238,0,0,0,0,0,0,0,0,0,0,0,0,0,647,0,0,0,0,0,0,118,0,1,241,0,0,0,398,59,0,0,0,0,0,0,0,953,98,0,0,22,0,0,0,383,0,0,41,0,4,13,2,0,0,0,0,0,0,0,26,0,5,0,4,5,0,27,10,251,259,0,3,19,25,32,25,99,0,36,0,2017,253,399,112,275,77,121,273,347,0,0,1021,686,0,19,10,14,657,15,0,0,107,17,240,31,2474,31,79,103,85,34,225,29,78,20,116,218,12,6,20,0,0,0,0,183,29,6,47,127,135,0,27,0,19,45,16,0,139,11,55,41,38,0,30,151,36,0,34,39,76,328,0,705,48,5,46,0,82,80,249,24,276,11,3,25,10,55,21,68,22,488,3,1,33,3,4,12,32
